ticker,queryCount,resultsCount,adjusted,results,status,request_id,count
AAPL,253,253,True,"{'v': 43574863.0, 'vw': 177.9886, 'o': 178.88, 'c': 177.45, 'h': 179.48, 'l': 177.05, 't': 1692072000000, 'n': 510071}",OK,b0ba10e4530ccb8a251fff6f1fc507f3,253
AAPL,253,253,True,"{'v': 45712957.0, 'vw': 177.4133, 'o': 177.13, 'c': 176.57, 'h': 178.54, 'l': 176.5, 't': 1692158400000, 'n': 526074}",OK,b0ba10e4530ccb8a251fff6f1fc507f3,253
AAPL,253,253,True,"{'v': 66054482.0, 'vw': 174.5857, 'o': 177.14, 'c': 174, 'h': 177.5054, 'l': 173.48, 't': 1692244800000, 'n': 673083}",OK,b0ba10e4530ccb8a251fff6f1fc507f3,253
AAPL,253,253,True,"{'v': 60171878.0, 'vw': 173.8904, 'o': 172.3, 'c': 174.49, 'h': 175.1, 'l': 171.96, 't': 1692331200000, 'n': 596474}",OK,b0ba10e4530ccb8a251fff6f1fc507f3,253
AAPL,253,253,True,"{'v': 46161959.0, 'vw': 175.2221, 'o': 175.07, 'c': 175.84, 'h': 176.13, 'l': 173.735, 't': 1692590400000, 'n': 559658}",OK,b0ba10e4530ccb8a251fff6f1fc507f3,253
AAPL,253,253,True,"{'v': 42057245.0, 'vw': 177.0098, 'o': 177.06, 'c': 177.23, 'h': 177.68, 'l': 176.25, 't': 1692676800000, 'n': 501508}",OK,b0ba10e4530ccb8a251fff6f1fc507f3,253
AAPL,253,253,True,"{'v': 52722752.0, 'vw': 180.6482, 'o': 178.52, 'c': 181.12, 'h': 181.55, 'l': 178.325, 't': 1692763200000, 'n': 587165}",OK,b0ba10e4530ccb8a251fff6f1fc507f3,253
AAPL,253,253,True,"{'v': 54912798.0, 'vw': 177.7035, 'o': 180.674, 'c': 176.38, 'h': 181.104, 'l': 176.01, 't': 1692849600000, 'n': 610377}",OK,b0ba10e4530ccb8a251fff6f1fc507f3,253
AAPL,253,253,True,"{'v': 51439994.0, 'vw': 177.9075, 'o': 177.38, 'c': 178.61, 'h': 179.15, 'l': 175.82, 't': 1692936000000, 'n': 554789}",OK,b0ba10e4530ccb8a251fff6f1fc507f3,253
AAPL,253,253,True,"{'v': 43803238.0, 'vw': 179.6595, 'o': 180.09, 'c': 180.19, 'h': 180.59, 'l': 178.545, 't': 1693195200000, 'n': 532485}",OK,b0ba10e4530ccb8a251fff6f1fc507f3,253
AAPL,253,253,True,"{'v': 52953948.0, 'vw': 183.28, 'o': 179.695, 'c': 184.12, 'h': 184.9, 'l': 179.5, 't': 1693281600000, 'n': 576465}",OK,b0ba10e4530ccb8a251fff6f1fc507f3,253
AAPL,253,253,True,"{'v': 60803988.0, 'vw': 186.93, 'o': 184.94, 'c': 187.65, 'h': 187.85, 'l': 184.74, 't': 1693368000000, 'n': 636448}",OK,b0ba10e4530ccb8a251fff6f1fc507f3,253
AAPL,253,253,True,"{'v': 60794467.0, 'vw': 188.1489, 'o': 187.84, 'c': 187.87, 'h': 189.12, 'l': 187.48, 't': 1693454400000, 'n': 554869}",OK,b0ba10e4530ccb8a251fff6f1fc507f3,253
AAPL,253,253,True,"{'v': 45393903.0, 'vw': 189.0424, 'o': 189.485, 'c': 189.46, 'h': 189.92, 'l': 188.28, 't': 1693540800000, 'n': 530273}",OK,b0ba10e4530ccb8a251fff6f1fc507f3,253
AAPL,253,253,True,"{'v': 45280027.0, 'vw': 189.1084, 'o': 188.28, 'c': 189.7, 'h': 189.98, 'l': 187.61, 't': 1693886400000, 'n': 602458}",OK,b0ba10e4530ccb8a251fff6f1fc507f3,253
AAPL,253,253,True,"{'v': 81753366.0, 'vw': 183.786, 'o': 188.4, 'c': 182.91, 'h': 188.85, 'l': 181.47, 't': 1693972800000, 'n': 880106}",OK,b0ba10e4530ccb8a251fff6f1fc507f3,253
AAPL,253,253,True,"{'v': 112416703.0, 'vw': 176.7332, 'o': 175.18, 'c': 177.56, 'h': 178.21, 'l': 173.54, 't': 1694059200000, 'n': 1210080}",OK,b0ba10e4530ccb8a251fff6f1fc507f3,253
AAPL,253,253,True,"{'v': 65402066.0, 'vw': 179.0663, 'o': 178.35, 'c': 178.18, 'h': 180.239, 'l': 177.79, 't': 1694145600000, 'n': 755389}",OK,b0ba10e4530ccb8a251fff6f1fc507f3,253
AAPL,253,253,True,"{'v': 58953052.0, 'vw': 178.8465, 'o': 180.07, 'c': 179.36, 'h': 180.3, 'l': 177.34, 't': 1694404800000, 'n': 722430}",OK,b0ba10e4530ccb8a251fff6f1fc507f3,253
AAPL,253,253,True,"{'v': 90316192.0, 'vw': 176.7048, 'o': 179.49, 'c': 176.3, 'h': 180.13, 'l': 174.82, 't': 1694491200000, 'n': 937419}",OK,b0ba10e4530ccb8a251fff6f1fc507f3,253
AAPL,253,253,True,"{'v': 84267928.0, 'vw': 175.0352, 'o': 176.51, 'c': 174.21, 'h': 177.3, 'l': 173.98, 't': 1694577600000, 'n': 835150}",OK,b0ba10e4530ccb8a251fff6f1fc507f3,253
AAPL,253,253,True,"{'v': 60345757.0, 'vw': 175.3715, 'o': 174, 'c': 175.74, 'h': 176.1, 'l': 173.58, 't': 1694664000000, 'n': 641017}",OK,b0ba10e4530ccb8a251fff6f1fc507f3,253
AAPL,253,253,True,"{'v': 109259461.0, 'vw': 175.0843, 'o': 176.48, 'c': 175.01, 'h': 176.495, 'l': 173.82, 't': 1694750400000, 'n': 729794}",OK,b0ba10e4530ccb8a251fff6f1fc507f3,253
AAPL,253,253,True,"{'v': 67257573.0, 'vw': 177.8915, 'o': 176.48, 'c': 177.97, 'h': 179.38, 'l': 176.17, 't': 1695009600000, 'n': 731278}",OK,b0ba10e4530ccb8a251fff6f1fc507f3,253
AAPL,253,253,True,"{'v': 51826941.0, 'vw': 178.4293, 'o': 177.52, 'c': 179.07, 'h': 179.63, 'l': 177.13, 't': 1695096000000, 'n': 524402}",OK,b0ba10e4530ccb8a251fff6f1fc507f3,253
AAPL,253,253,True,"{'v': 58436181.0, 'vw': 176.9653, 'o': 179.26, 'c': 175.49, 'h': 179.695, 'l': 175.4, 't': 1695182400000, 'n': 600225}",OK,b0ba10e4530ccb8a251fff6f1fc507f3,253
AAPL,253,253,True,"{'v': 62449116.0, 'vw': 174.8619, 'o': 174.55, 'c': 173.93, 'h': 176.3, 'l': 173.86, 't': 1695268800000, 'n': 631478}",OK,b0ba10e4530ccb8a251fff6f1fc507f3,253
AAPL,253,253,True,"{'v': 56688985.0, 'vw': 175.4667, 'o': 174.67, 'c': 174.79, 'h': 177.079, 'l': 174.05, 't': 1695355200000, 'n': 606168}",OK,b0ba10e4530ccb8a251fff6f1fc507f3,253
AAPL,253,253,True,"{'v': 46172740.0, 'vw': 175.6665, 'o': 174.2, 'c': 176.08, 'h': 176.97, 'l': 174.15, 't': 1695614400000, 'n': 564218}",OK,b0ba10e4530ccb8a251fff6f1fc507f3,253
AAPL,253,253,True,"{'v': 64548945.0, 'vw': 172.7156, 'o': 174.82, 'c': 171.96, 'h': 175.2, 'l': 171.66, 't': 1695700800000, 'n': 688340}",OK,b0ba10e4530ccb8a251fff6f1fc507f3,253
AAPL,253,253,True,"{'v': 66920708.0, 'vw': 170.5335, 'o': 172.62, 'c': 170.43, 'h': 173.04, 'l': 169.05, 't': 1695787200000, 'n': 707850}",OK,b0ba10e4530ccb8a251fff6f1fc507f3,253
AAPL,253,253,True,"{'v': 56294419.0, 'vw': 170.297, 'o': 169.34, 'c': 170.69, 'h': 172.03, 'l': 167.62, 't': 1695873600000, 'n': 618584}",OK,b0ba10e4530ccb8a251fff6f1fc507f3,253
AAPL,253,253,True,"{'v': 51861083.0, 'vw': 171.5997, 'o': 172.02, 'c': 171.21, 'h': 173.07, 'l': 170.341, 't': 1695960000000, 'n': 535134}",OK,b0ba10e4530ccb8a251fff6f1fc507f3,253
AAPL,253,253,True,"{'v': 52156935.0, 'vw': 173.2879, 'o': 171.22, 'c': 173.75, 'h': 174.3, 'l': 170.93, 't': 1696219200000, 'n': 617249}",OK,b0ba10e4530ccb8a251fff6f1fc507f3,253
AAPL,253,253,True,"{'v': 49594613.0, 'vw': 172.1342, 'o': 172.255, 'c': 172.4, 'h': 173.63, 'l': 170.82, 't': 1696305600000, 'n': 542569}",OK,b0ba10e4530ccb8a251fff6f1fc507f3,253
AAPL,253,253,True,"{'v': 53006286.0, 'vw': 172.9437, 'o': 171.09, 'c': 173.66, 'h': 174.21, 'l': 170.97, 't': 1696392000000, 'n': 560975}",OK,b0ba10e4530ccb8a251fff6f1fc507f3,253
AAPL,253,253,True,"{'v': 48527918.0, 'vw': 174.2297, 'o': 173.79, 'c': 174.91, 'h': 175.45, 'l': 172.68, 't': 1696478400000, 'n': 509175}",OK,b0ba10e4530ccb8a251fff6f1fc507f3,253
AAPL,253,253,True,"{'v': 57266675.0, 'vw': 176.3366, 'o': 173.8, 'c': 177.49, 'h': 177.99, 'l': 173.18, 't': 1696564800000, 'n': 593944}",OK,b0ba10e4530ccb8a251fff6f1fc507f3,253
AAPL,253,253,True,"{'v': 42344772.0, 'vw': 177.8683, 'o': 176.81, 'c': 178.99, 'h': 179.05, 'l': 175.8, 't': 1696824000000, 'n': 518256}",OK,b0ba10e4530ccb8a251fff6f1fc507f3,253
AAPL,253,253,True,"{'v': 43698019.0, 'vw': 178.6901, 'o': 178.1, 'c': 178.39, 'h': 179.72, 'l': 177.95, 't': 1696910400000, 'n': 524939}",OK,b0ba10e4530ccb8a251fff6f1fc507f3,253
AAPL,253,253,True,"{'v': 47544848.0, 'vw': 178.9503, 'o': 178.2, 'c': 179.8, 'h': 179.85, 'l': 177.6, 't': 1696996800000, 'n': 503477}",OK,b0ba10e4530ccb8a251fff6f1fc507f3,253
AAPL,253,253,True,"{'v': 56743119.0, 'vw': 180.9482, 'o': 180.07, 'c': 180.71, 'h': 182.34, 'l': 179.04, 't': 1697083200000, 'n': 616891}",OK,b0ba10e4530ccb8a251fff6f1fc507f3,253
AAPL,253,253,True,"{'v': 51412082.0, 'vw': 179.4154, 'o': 181.42, 'c': 178.85, 'h': 181.93, 'l': 178.14, 't': 1697169600000, 'n': 531441}",OK,b0ba10e4530ccb8a251fff6f1fc507f3,253
AAPL,253,253,True,"{'v': 52516984.0, 'vw': 178.1478, 'o': 176.75, 'c': 178.72, 'h': 179.075, 'l': 176.51, 't': 1697428800000, 'n': 632605}",OK,b0ba10e4530ccb8a251fff6f1fc507f3,253
AAPL,253,253,True,"{'v': 57549350.0, 'vw': 176.8623, 'o': 176.645, 'c': 177.15, 'h': 178.42, 'l': 174.8, 't': 1697515200000, 'n': 592323}",OK,b0ba10e4530ccb8a251fff6f1fc507f3,253
AAPL,253,253,True,"{'v': 54764375.0, 'vw': 176.3501, 'o': 175.58, 'c': 175.84, 'h': 177.575, 'l': 175.11, 't': 1697601600000, 'n': 540187}",OK,b0ba10e4530ccb8a251fff6f1fc507f3,253
AAPL,253,253,True,"{'v': 59192863.0, 'vw': 176.215, 'o': 176.04, 'c': 175.46, 'h': 177.84, 'l': 175.19, 't': 1697688000000, 'n': 560260}",OK,b0ba10e4530ccb8a251fff6f1fc507f3,253
AAPL,253,253,True,"{'v': 64211828.0, 'vw': 173.7459, 'o': 175.31, 'c': 172.88, 'h': 175.42, 'l': 172.64, 't': 1697774400000, 'n': 600318}",OK,b0ba10e4530ccb8a251fff6f1fc507f3,253
AAPL,253,253,True,"{'v': 55980109.0, 'vw': 172.3829, 'o': 170.91, 'c': 173, 'h': 174.01, 'l': 169.93, 't': 1698033600000, 'n': 639616}",OK,b0ba10e4530ccb8a251fff6f1fc507f3,253
AAPL,253,253,True,"{'v': 43816644.0, 'vw': 172.7333, 'o': 173.05, 'c': 173.44, 'h': 173.67, 'l': 171.45, 't': 1698120000000, 'n': 530406}",OK,b0ba10e4530ccb8a251fff6f1fc507f3,253
AAPL,253,253,True,"{'v': 57156962.0, 'vw': 171.4932, 'o': 171.88, 'c': 171.1, 'h': 173.06, 'l': 170.65, 't': 1698206400000, 'n': 610143}",OK,b0ba10e4530ccb8a251fff6f1fc507f3,253
AAPL,253,253,True,"{'v': 70625258.0, 'vw': 167.5944, 'o': 170.37, 'c': 166.89, 'h': 171.3775, 'l': 165.67, 't': 1698292800000, 'n': 815217}",OK,b0ba10e4530ccb8a251fff6f1fc507f3,253
AAPL,253,253,True,"{'v': 58257129.0, 'vw': 167.9072, 'o': 166.91, 'c': 168.22, 'h': 168.96, 'l': 166.83, 't': 1698379200000, 'n': 609511}",OK,b0ba10e4530ccb8a251fff6f1fc507f3,253
AAPL,253,253,True,"{'v': 51239218.0, 'vw': 170.0788, 'o': 169.02, 'c': 170.29, 'h': 171.17, 'l': 168.87, 't': 1698638400000, 'n': 628258}",OK,b0ba10e4530ccb8a251fff6f1fc507f3,253
AAPL,253,253,True,"{'v': 44846017.0, 'vw': 169.9252, 'o': 169.35, 'c': 170.77, 'h': 170.9, 'l': 167.9, 't': 1698724800000, 'n': 509879}",OK,b0ba10e4530ccb8a251fff6f1fc507f3,253
AAPL,253,253,True,"{'v': 56934906.0, 'vw': 172.6187, 'o': 171, 'c': 173.97, 'h': 174.23, 'l': 170.12, 't': 1698811200000, 'n': 633476}",OK,b0ba10e4530ccb8a251fff6f1fc507f3,253
AAPL,253,253,True,"{'v': 77292052.0, 'vw': 176.6794, 'o': 175.52, 'c': 177.57, 'h': 177.78, 'l': 175.46, 't': 1698897600000, 'n': 805046}",OK,b0ba10e4530ccb8a251fff6f1fc507f3,253
AAPL,253,253,True,"{'v': 79829246.0, 'vw': 175.5751, 'o': 174.24, 'c': 176.65, 'h': 176.82, 'l': 173.35, 't': 1698984000000, 'n': 858038}",OK,b0ba10e4530ccb8a251fff6f1fc507f3,253
AAPL,253,253,True,"{'v': 63841310.0, 'vw': 178.5589, 'o': 176.38, 'c': 179.23, 'h': 179.43, 'l': 176.21, 't': 1699246800000, 'n': 678103}",OK,b0ba10e4530ccb8a251fff6f1fc507f3,253
AAPL,253,253,True,"{'v': 70529966.0, 'vw': 181.2627, 'o': 179.18, 'c': 181.82, 'h': 182.44, 'l': 178.97, 't': 1699333200000, 'n': 653779}",OK,b0ba10e4530ccb8a251fff6f1fc507f3,253
AAPL,253,253,True,"{'v': 49340282.0, 'vw': 182.6566, 'o': 182.35, 'c': 182.89, 'h': 183.45, 'l': 181.59, 't': 1699419600000, 'n': 542421}",OK,b0ba10e4530ccb8a251fff6f1fc507f3,253
AAPL,253,253,True,"{'v': 53631840.0, 'vw': 182.912, 'o': 182.96, 'c': 182.41, 'h': 184.12, 'l': 181.81, 't': 1699506000000, 'n': 545657}",OK,b0ba10e4530ccb8a251fff6f1fc507f3,253
AAPL,253,253,True,"{'v': 66177922.0, 'vw': 185.4104, 'o': 183.97, 'c': 186.4, 'h': 186.565, 'l': 183.53, 't': 1699592400000, 'n': 610938}",OK,b0ba10e4530ccb8a251fff6f1fc507f3,253
AAPL,253,253,True,"{'v': 43627519.0, 'vw': 184.8317, 'o': 185.82, 'c': 184.8, 'h': 186.03, 'l': 184.21, 't': 1699851600000, 'n': 530407}",OK,b0ba10e4530ccb8a251fff6f1fc507f3,253
AAPL,253,253,True,"{'v': 60108378.0, 'vw': 187.2038, 'o': 187.7, 'c': 187.44, 'h': 188.11, 'l': 186.3, 't': 1699938000000, 'n': 609218}",OK,b0ba10e4530ccb8a251fff6f1fc507f3,253
AAPL,253,253,True,"{'v': 53608999.0, 'vw': 188.4191, 'o': 187.845, 'c': 188.01, 'h': 189.5, 'l': 187.78, 't': 1700024400000, 'n': 564159}",OK,b0ba10e4530ccb8a251fff6f1fc507f3,253
AAPL,253,253,True,"{'v': 54412915.0, 'vw': 189.7109, 'o': 189.57, 'c': 189.71, 'h': 190.96, 'l': 188.65, 't': 1700110800000, 'n': 620748}",OK,b0ba10e4530ccb8a251fff6f1fc507f3,253
AAPL,253,253,True,"{'v': 50737404.0, 'vw': 189.6022, 'o': 190.25, 'c': 189.69, 'h': 190.38, 'l': 188.57, 't': 1700197200000, 'n': 510217}",OK,b0ba10e4530ccb8a251fff6f1fc507f3,253
AAPL,253,253,True,"{'v': 46538614.0, 'vw': 191.2984, 'o': 189.89, 'c': 191.45, 'h': 191.905, 'l': 189.88, 't': 1700456400000, 'n': 554014}",OK,b0ba10e4530ccb8a251fff6f1fc507f3,253
AAPL,253,253,True,"{'v': 38134485.0, 'vw': 190.51, 'o': 191.41, 'c': 190.64, 'h': 191.52, 'l': 189.74, 't': 1700542800000, 'n': 450749}",OK,b0ba10e4530ccb8a251fff6f1fc507f3,253
AAPL,253,253,True,"{'v': 39630011.0, 'vw': 191.7223, 'o': 191.49, 'c': 191.31, 'h': 192.93, 'l': 190.825, 't': 1700629200000, 'n': 463560}",OK,b0ba10e4530ccb8a251fff6f1fc507f3,253
AAPL,253,253,True,"{'v': 24018404.0, 'vw': 189.7899, 'o': 190.87, 'c': 189.97, 'h': 190.9, 'l': 189.25, 't': 1700802000000, 'n': 335946}",OK,b0ba10e4530ccb8a251fff6f1fc507f3,253
AAPL,253,253,True,"{'v': 40456609.0, 'vw': 189.7974, 'o': 189.92, 'c': 189.79, 'h': 190.67, 'l': 188.9, 't': 1701061200000, 'n': 508895}",OK,b0ba10e4530ccb8a251fff6f1fc507f3,253
AAPL,253,253,True,"{'v': 38415419.0, 'vw': 190.165, 'o': 189.78, 'c': 190.4, 'h': 191.08, 'l': 189.4, 't': 1701147600000, 'n': 458154}",OK,b0ba10e4530ccb8a251fff6f1fc507f3,253
AAPL,253,253,True,"{'v': 43014224.0, 'vw': 189.9974, 'o': 190.9, 'c': 189.37, 'h': 192.09, 'l': 188.97, 't': 1701234000000, 'n': 493064}",OK,b0ba10e4530ccb8a251fff6f1fc507f3,253
AAPL,253,253,True,"{'v': 48744366.0, 'vw': 189.337, 'o': 189.84, 'c': 189.95, 'h': 190.32, 'l': 188.19, 't': 1701320400000, 'n': 486786}",OK,b0ba10e4530ccb8a251fff6f1fc507f3,253
AAPL,253,253,True,"{'v': 45676673.0, 'vw': 190.8613, 'o': 190.33, 'c': 191.24, 'h': 191.56, 'l': 189.23, 't': 1701406800000, 'n': 515537}",OK,b0ba10e4530ccb8a251fff6f1fc507f3,253
AAPL,253,253,True,"{'v': 43389519.0, 'vw': 188.916, 'o': 189.98, 'c': 189.43, 'h': 190.05, 'l': 187.4511, 't': 1701666000000, 'n': 587461}",OK,b0ba10e4530ccb8a251fff6f1fc507f3,253
AAPL,253,253,True,"{'v': 66628398.0, 'vw': 193.1715, 'o': 190.21, 'c': 193.42, 'h': 194.4, 'l': 190.18, 't': 1701752400000, 'n': 700669}",OK,b0ba10e4530ccb8a251fff6f1fc507f3,253
AAPL,253,253,True,"{'v': 41055862.0, 'vw': 192.8014, 'o': 194.45, 'c': 192.32, 'h': 194.76, 'l': 192.11, 't': 1701838800000, 'n': 491436}",OK,b0ba10e4530ccb8a251fff6f1fc507f3,253
AAPL,253,253,True,"{'v': 47413955.0, 'vw': 194.3967, 'o': 193.63, 'c': 194.27, 'h': 195, 'l': 193.59, 't': 1701925200000, 'n': 495048}",OK,b0ba10e4530ccb8a251fff6f1fc507f3,253
AAPL,253,253,True,"{'v': 53383658.0, 'vw': 195.1638, 'o': 194.2, 'c': 195.71, 'h': 195.99, 'l': 193.67, 't': 1702011600000, 'n': 538968}",OK,b0ba10e4530ccb8a251fff6f1fc507f3,253
AAPL,253,253,True,"{'v': 60943699.0, 'vw': 192.7089, 'o': 193.11, 'c': 193.18, 'h': 193.49, 'l': 191.42, 't': 1702270800000, 'n': 691172}",OK,b0ba10e4530ccb8a251fff6f1fc507f3,253
AAPL,253,253,True,"{'v': 52696900.0, 'vw': 193.7834, 'o': 193.08, 'c': 194.71, 'h': 194.72, 'l': 191.721, 't': 1702357200000, 'n': 510768}",OK,b0ba10e4530ccb8a251fff6f1fc507f3,253
AAPL,253,253,True,"{'v': 70404183.0, 'vw': 196.9085, 'o': 195.09, 'c': 197.96, 'h': 198, 'l': 194.85, 't': 1702443600000, 'n': 672552}",OK,b0ba10e4530ccb8a251fff6f1fc507f3,253
AAPL,253,253,True,"{'v': 66831572.0, 'vw': 198.2872, 'o': 198.02, 'c': 198.11, 'h': 199.62, 'l': 196.16, 't': 1702530000000, 'n': 691862}",OK,b0ba10e4530ccb8a251fff6f1fc507f3,253
AAPL,253,253,True,"{'v': 127387901.0, 'vw': 197.56, 'o': 197.53, 'c': 197.57, 'h': 198.3999, 'l': 197, 't': 1702616400000, 'n': 625452}",OK,b0ba10e4530ccb8a251fff6f1fc507f3,253
AAPL,253,253,True,"{'v': 55751861.0, 'vw': 195.6255, 'o': 196.09, 'c': 195.89, 'h': 196.63, 'l': 194.39, 't': 1702875600000, 'n': 655763}",OK,b0ba10e4530ccb8a251fff6f1fc507f3,253
AAPL,253,253,True,"{'v': 40714051.0, 'vw': 196.5277, 'o': 196.16, 'c': 196.94, 'h': 196.95, 'l': 195.89, 't': 1702962000000, 'n': 451709}",OK,b0ba10e4530ccb8a251fff6f1fc507f3,253
AAPL,253,253,True,"{'v': 52242815.0, 'vw': 196.142, 'o': 196.9, 'c': 194.83, 'h': 197.68, 'l': 194.83, 't': 1703048400000, 'n': 550599}",OK,b0ba10e4530ccb8a251fff6f1fc507f3,253
AAPL,253,253,True,"{'v': 46482549.0, 'vw': 194.7425, 'o': 196.1, 'c': 194.68, 'h': 197.08, 'l': 193.5, 't': 1703134800000, 'n': 554844}",OK,b0ba10e4530ccb8a251fff6f1fc507f3,253
AAPL,253,253,True,"{'v': 37149570.0, 'vw': 194.1013, 'o': 195.18, 'c': 193.6, 'h': 195.41, 'l': 192.97, 't': 1703221200000, 'n': 500544}",OK,b0ba10e4530ccb8a251fff6f1fc507f3,253
AAPL,253,253,True,"{'v': 28919310.0, 'vw': 193.1713, 'o': 193.61, 'c': 193.05, 'h': 193.89, 'l': 192.83, 't': 1703566800000, 'n': 488257}",OK,b0ba10e4530ccb8a251fff6f1fc507f3,253
AAPL,253,253,True,"{'v': 48087681.0, 'vw': 192.5679, 'o': 192.49, 'c': 193.15, 'h': 193.5, 'l': 191.09, 't': 1703653200000, 'n': 548076}",OK,b0ba10e4530ccb8a251fff6f1fc507f3,253
AAPL,253,253,True,"{'v': 34049898.0, 'vw': 193.9222, 'o': 194.14, 'c': 193.58, 'h': 194.66, 'l': 193.17, 't': 1703739600000, 'n': 472404}",OK,b0ba10e4530ccb8a251fff6f1fc507f3,253
AAPL,253,253,True,"{'v': 42672148.0, 'vw': 192.5761, 'o': 193.9, 'c': 192.53, 'h': 194.4, 'l': 191.725, 't': 1703826000000, 'n': 509123}",OK,b0ba10e4530ccb8a251fff6f1fc507f3,253
AAPL,253,253,True,"{'v': 81964874.0, 'vw': 185.9465, 'o': 187.15, 'c': 185.64, 'h': 188.44, 'l': 183.885, 't': 1704171600000, 'n': 1008871}",OK,b0ba10e4530ccb8a251fff6f1fc507f3,253
AAPL,253,253,True,"{'v': 58414460.0, 'vw': 184.3226, 'o': 184.22, 'c': 184.25, 'h': 185.88, 'l': 183.43, 't': 1704258000000, 'n': 656853}",OK,b0ba10e4530ccb8a251fff6f1fc507f3,253
AAPL,253,253,True,"{'v': 71878670.0, 'vw': 182.0183, 'o': 182.15, 'c': 181.91, 'h': 183.0872, 'l': 180.88, 't': 1704344400000, 'n': 712692}",OK,b0ba10e4530ccb8a251fff6f1fc507f3,253
AAPL,253,253,True,"{'v': 62371161.0, 'vw': 181.474, 'o': 181.99, 'c': 181.18, 'h': 182.76, 'l': 180.17, 't': 1704430800000, 'n': 682334}",OK,b0ba10e4530ccb8a251fff6f1fc507f3,253
AAPL,253,253,True,"{'v': 59144470.0, 'vw': 184.3702, 'o': 182.085, 'c': 185.56, 'h': 185.6, 'l': 181.5, 't': 1704690000000, 'n': 669173}",OK,b0ba10e4530ccb8a251fff6f1fc507f3,253
AAPL,253,253,True,"{'v': 42841809.0, 'vw': 184.3706, 'o': 183.92, 'c': 185.14, 'h': 185.15, 'l': 182.73, 't': 1704776400000, 'n': 538180}",OK,b0ba10e4530ccb8a251fff6f1fc507f3,253
AAPL,253,253,True,"{'v': 46192908.0, 'vw': 185.2509, 'o': 184.35, 'c': 186.19, 'h': 186.4, 'l': 183.92, 't': 1704862800000, 'n': 554777}",OK,b0ba10e4530ccb8a251fff6f1fc507f3,253
AAPL,253,253,True,"{'v': 49128408.0, 'vw': 185.0604, 'o': 186.54, 'c': 185.59, 'h': 187.05, 'l': 183.62, 't': 1704949200000, 'n': 584008}",OK,b0ba10e4530ccb8a251fff6f1fc507f3,253
AAPL,253,253,True,"{'v': 40477782.0, 'vw': 185.8199, 'o': 186.06, 'c': 185.92, 'h': 186.74, 'l': 185.19, 't': 1705035600000, 'n': 477050}",OK,b0ba10e4530ccb8a251fff6f1fc507f3,253
AAPL,253,253,True,"{'v': 65076641.0, 'vw': 182.8866, 'o': 182.16, 'c': 183.63, 'h': 184.26, 'l': 180.934, 't': 1705381200000, 'n': 767281}",OK,b0ba10e4530ccb8a251fff6f1fc507f3,253
AAPL,253,253,True,"{'v': 47317433.0, 'vw': 181.9201, 'o': 181.27, 'c': 182.68, 'h': 182.93, 'l': 180.3, 't': 1705467600000, 'n': 594632}",OK,b0ba10e4530ccb8a251fff6f1fc507f3,253
AAPL,253,253,True,"{'v': 77722754.0, 'vw': 187.9358, 'o': 186.09, 'c': 188.63, 'h': 189.14, 'l': 185.83, 't': 1705554000000, 'n': 787233}",OK,b0ba10e4530ccb8a251fff6f1fc507f3,253
AAPL,253,253,True,"{'v': 68887985.0, 'vw': 190.6149, 'o': 189.33, 'c': 191.56, 'h': 191.95, 'l': 188.82, 't': 1705640400000, 'n': 682663}",OK,b0ba10e4530ccb8a251fff6f1fc507f3,253
AAPL,253,253,True,"{'v': 60131852.0, 'vw': 193.9891, 'o': 192.3, 'c': 193.89, 'h': 195.33, 'l': 192.26, 't': 1705899600000, 'n': 718107}",OK,b0ba10e4530ccb8a251fff6f1fc507f3,253
AAPL,253,253,True,"{'v': 42355590.0, 'vw': 194.8203, 'o': 195.02, 'c': 195.18, 'h': 195.75, 'l': 193.8299, 't': 1705986000000, 'n': 533093}",OK,b0ba10e4530ccb8a251fff6f1fc507f3,253
AAPL,253,253,True,"{'v': 53631316.0, 'vw': 195.2063, 'o': 195.42, 'c': 194.5, 'h': 196.38, 'l': 194.34, 't': 1706072400000, 'n': 594714}",OK,b0ba10e4530ccb8a251fff6f1fc507f3,253
AAPL,253,253,True,"{'v': 54822126.0, 'vw': 194.7337, 'o': 195.22, 'c': 194.17, 'h': 196.2675, 'l': 193.1125, 't': 1706158800000, 'n': 644526}",OK,b0ba10e4530ccb8a251fff6f1fc507f3,253
AAPL,253,253,True,"{'v': 44587111.0, 'vw': 193.1207, 'o': 194.27, 'c': 192.42, 'h': 194.76, 'l': 191.94, 't': 1706245200000, 'n': 534165}",OK,b0ba10e4530ccb8a251fff6f1fc507f3,253
AAPL,253,253,True,"{'v': 47145622.0, 'vw': 191.2954, 'o': 192.01, 'c': 191.73, 'h': 192.2, 'l': 189.58, 't': 1706504400000, 'n': 599513}",OK,b0ba10e4530ccb8a251fff6f1fc507f3,253
AAPL,253,253,True,"{'v': 55836970.0, 'vw': 188.7927, 'o': 190.94, 'c': 188.04, 'h': 191.8, 'l': 187.47, 't': 1706590800000, 'n': 690705}",OK,b0ba10e4530ccb8a251fff6f1fc507f3,253
AAPL,253,253,True,"{'v': 55467803.0, 'vw': 185.3525, 'o': 187.04, 'c': 184.4, 'h': 187.095, 'l': 184.35, 't': 1706677200000, 'n': 679844}",OK,b0ba10e4530ccb8a251fff6f1fc507f3,253
AAPL,253,253,True,"{'v': 64885408.0, 'vw': 185.5688, 'o': 183.985, 'c': 186.86, 'h': 186.95, 'l': 183.82, 't': 1706763600000, 'n': 820977}",OK,b0ba10e4530ccb8a251fff6f1fc507f3,253
AAPL,253,253,True,"{'v': 102527680.0, 'vw': 184.744, 'o': 179.86, 'c': 185.85, 'h': 187.33, 'l': 179.25, 't': 1706850000000, 'n': 1108465}",OK,b0ba10e4530ccb8a251fff6f1fc507f3,253
AAPL,253,253,True,"{'v': 69654320.0, 'vw': 187.6824, 'o': 188.15, 'c': 187.68, 'h': 189.25, 'l': 185.84, 't': 1707109200000, 'n': 804748}",OK,b0ba10e4530ccb8a251fff6f1fc507f3,253
AAPL,253,253,True,"{'v': 43490759.0, 'vw': 188.4788, 'o': 186.86, 'c': 189.3, 'h': 189.31, 'l': 186.7695, 't': 1707195600000, 'n': 530825}",OK,b0ba10e4530ccb8a251fff6f1fc507f3,253
AAPL,253,253,True,"{'v': 53438955.0, 'vw': 189.3803, 'o': 190.64, 'c': 189.41, 'h': 191.05, 'l': 188.61, 't': 1707282000000, 'n': 596088}",OK,b0ba10e4530ccb8a251fff6f1fc507f3,253
AAPL,253,253,True,"{'v': 40962046.0, 'vw': 188.3032, 'o': 189.385, 'c': 188.32, 'h': 189.535, 'l': 187.35, 't': 1707368400000, 'n': 521464}",OK,b0ba10e4530ccb8a251fff6f1fc507f3,253
AAPL,253,253,True,"{'v': 45155216.0, 'vw': 189.0056, 'o': 188.65, 'c': 188.85, 'h': 189.99, 'l': 188, 't': 1707454800000, 'n': 544714}",OK,b0ba10e4530ccb8a251fff6f1fc507f3,253
AAPL,253,253,True,"{'v': 41781934.0, 'vw': 187.5914, 'o': 188.415, 'c': 187.15, 'h': 188.67, 'l': 186.79, 't': 1707714000000, 'n': 585515}",OK,b0ba10e4530ccb8a251fff6f1fc507f3,253
AAPL,253,253,True,"{'v': 56529529.0, 'vw': 185.0421, 'o': 185.77, 'c': 185.04, 'h': 186.21, 'l': 183.5128, 't': 1707800400000, 'n': 644015}",OK,b0ba10e4530ccb8a251fff6f1fc507f3,253
AAPL,253,253,True,"{'v': 54617917.0, 'vw': 183.6207, 'o': 185.32, 'c': 184.15, 'h': 185.53, 'l': 182.44, 't': 1707886800000, 'n': 679072}",OK,b0ba10e4530ccb8a251fff6f1fc507f3,253
AAPL,253,253,True,"{'v': 65434496.0, 'vw': 182.8487, 'o': 183.55, 'c': 183.86, 'h': 184.49, 'l': 181.35, 't': 1707973200000, 'n': 756083}",OK,b0ba10e4530ccb8a251fff6f1fc507f3,253
AAPL,253,253,True,"{'v': 49752465.0, 'vw': 182.7317, 'o': 183.42, 'c': 182.31, 'h': 184.85, 'l': 181.665, 't': 1708059600000, 'n': 611770}",OK,b0ba10e4530ccb8a251fff6f1fc507f3,253
AAPL,253,253,True,"{'v': 53574453.0, 'vw': 181.1005, 'o': 181.79, 'c': 181.56, 'h': 182.43, 'l': 180, 't': 1708405200000, 'n': 712335}",OK,b0ba10e4530ccb8a251fff6f1fc507f3,253
AAPL,253,253,True,"{'v': 41496371.0, 'vw': 181.9941, 'o': 181.94, 'c': 182.32, 'h': 182.8888, 'l': 180.66, 't': 1708491600000, 'n': 522492}",OK,b0ba10e4530ccb8a251fff6f1fc507f3,253
AAPL,253,253,True,"{'v': 52284192.0, 'vw': 183.8372, 'o': 183.48, 'c': 184.37, 'h': 184.955, 'l': 182.46, 't': 1708578000000, 'n': 613892}",OK,b0ba10e4530ccb8a251fff6f1fc507f3,253
AAPL,253,253,True,"{'v': 44926677.0, 'vw': 182.9876, 'o': 185.01, 'c': 182.52, 'h': 185.04, 'l': 182.23, 't': 1708664400000, 'n': 549250}",OK,b0ba10e4530ccb8a251fff6f1fc507f3,253
AAPL,253,253,True,"{'v': 40867421.0, 'vw': 181.3213, 'o': 182.24, 'c': 181.16, 'h': 182.76, 'l': 180.65, 't': 1708923600000, 'n': 615639}",OK,b0ba10e4530ccb8a251fff6f1fc507f3,253
AAPL,253,253,True,"{'v': 54318851.0, 'vw': 181.8192, 'o': 181.1, 'c': 182.63, 'h': 183.9225, 'l': 179.56, 't': 1709010000000, 'n': 669751}",OK,b0ba10e4530ccb8a251fff6f1fc507f3,253
AAPL,253,253,True,"{'v': 48943139.0, 'vw': 181.1915, 'o': 182.51, 'c': 181.42, 'h': 183.12, 'l': 180.13, 't': 1709096400000, 'n': 596442}",OK,b0ba10e4530ccb8a251fff6f1fc507f3,253
AAPL,253,253,True,"{'v': 136682597.0, 'vw': 180.6781, 'o': 181.27, 'c': 180.75, 'h': 182.57, 'l': 179.53, 't': 1709182800000, 'n': 813073}",OK,b0ba10e4530ccb8a251fff6f1fc507f3,253
AAPL,253,253,True,"{'v': 73450582.0, 'vw': 179.0322, 'o': 179.55, 'c': 179.66, 'h': 180.53, 'l': 177.38, 't': 1709269200000, 'n': 911077}",OK,b0ba10e4530ccb8a251fff6f1fc507f3,253
AAPL,253,253,True,"{'v': 81505451.0, 'vw': 174.8938, 'o': 176.15, 'c': 175.1, 'h': 176.9, 'l': 173.79, 't': 1709528400000, 'n': 1167166}",OK,b0ba10e4530ccb8a251fff6f1fc507f3,253
AAPL,253,253,True,"{'v': 94702355.0, 'vw': 170.3234, 'o': 170.76, 'c': 170.12, 'h': 172.04, 'l': 169.62, 't': 1709614800000, 'n': 1108820}",OK,b0ba10e4530ccb8a251fff6f1fc507f3,253
AAPL,253,253,True,"{'v': 68568907.0, 'vw': 169.5506, 'o': 171.06, 'c': 169.12, 'h': 171.24, 'l': 168.68, 't': 1709701200000, 'n': 896297}",OK,b0ba10e4530ccb8a251fff6f1fc507f3,253
AAPL,253,253,True,"{'v': 71763761.0, 'vw': 169.3619, 'o': 169.15, 'c': 169, 'h': 170.73, 'l': 168.49, 't': 1709787600000, 'n': 825405}",OK,b0ba10e4530ccb8a251fff6f1fc507f3,253
AAPL,253,253,True,"{'v': 76267041.0, 'vw': 171.5322, 'o': 169, 'c': 170.73, 'h': 173.7, 'l': 168.94, 't': 1709874000000, 'n': 925213}",OK,b0ba10e4530ccb8a251fff6f1fc507f3,253
AAPL,253,253,True,"{'v': 60139473.0, 'vw': 172.9273, 'o': 172.94, 'c': 172.75, 'h': 174.38, 'l': 172.05, 't': 1710129600000, 'n': 793618}",OK,b0ba10e4530ccb8a251fff6f1fc507f3,253
AAPL,253,253,True,"{'v': 59813522.0, 'vw': 172.8726, 'o': 173.15, 'c': 173.23, 'h': 174.03, 'l': 171.01, 't': 1710216000000, 'n': 735065}",OK,b0ba10e4530ccb8a251fff6f1fc507f3,253
AAPL,253,253,True,"{'v': 52488692.0, 'vw': 171.3457, 'o': 172.77, 'c': 171.13, 'h': 173.185, 'l': 170.76, 't': 1710302400000, 'n': 647120}",OK,b0ba10e4530ccb8a251fff6f1fc507f3,253
AAPL,253,253,True,"{'v': 72913507.0, 'vw': 173.0899, 'o': 172.91, 'c': 173, 'h': 174.3078, 'l': 172.05, 't': 1710388800000, 'n': 806014}",OK,b0ba10e4530ccb8a251fff6f1fc507f3,253
AAPL,253,253,True,"{'v': 121752699.0, 'vw': 171.8002, 'o': 171.17, 'c': 172.62, 'h': 172.62, 'l': 170.285, 't': 1710475200000, 'n': 771387}",OK,b0ba10e4530ccb8a251fff6f1fc507f3,253
AAPL,253,253,True,"{'v': 75606556.0, 'vw': 175.4587, 'o': 175.57, 'c': 173.72, 'h': 177.71, 'l': 173.52, 't': 1710734400000, 'n': 866430}",OK,b0ba10e4530ccb8a251fff6f1fc507f3,253
AAPL,253,253,True,"{'v': 55215244.0, 'vw': 175.4779, 'o': 174.34, 'c': 176.08, 'h': 176.605, 'l': 173.03, 't': 1710820800000, 'n': 636058}",OK,b0ba10e4530ccb8a251fff6f1fc507f3,253
AAPL,253,253,True,"{'v': 53423102.0, 'vw': 177.2239, 'o': 175.72, 'c': 178.67, 'h': 178.67, 'l': 175.09, 't': 1710907200000, 'n': 641653}",OK,b0ba10e4530ccb8a251fff6f1fc507f3,253
AAPL,253,253,True,"{'v': 106181270.0, 'vw': 172.7231, 'o': 177.05, 'c': 171.37, 'h': 177.49, 'l': 170.84, 't': 1710993600000, 'n': 1224985}",OK,b0ba10e4530ccb8a251fff6f1fc507f3,253
AAPL,253,253,True,"{'v': 71146138.0, 'vw': 172.0464, 'o': 171.76, 'c': 172.28, 'h': 173.05, 'l': 170.06, 't': 1711080000000, 'n': 736378}",OK,b0ba10e4530ccb8a251fff6f1fc507f3,253
AAPL,253,253,True,"{'v': 54288328.0, 'vw': 170.7132, 'o': 170.565, 'c': 170.85, 'h': 171.94, 'l': 169.45, 't': 1711339200000, 'n': 727686}",OK,b0ba10e4530ccb8a251fff6f1fc507f3,253
AAPL,253,253,True,"{'v': 57388449.0, 'vw': 170.323, 'o': 170, 'c': 169.71, 'h': 171.42, 'l': 169.58, 't': 1711425600000, 'n': 684303}",OK,b0ba10e4530ccb8a251fff6f1fc507f3,253
AAPL,253,253,True,"{'v': 60263665.0, 'vw': 172.5879, 'o': 170.41, 'c': 173.31, 'h': 173.6, 'l': 170.11, 't': 1711512000000, 'n': 670629}",OK,b0ba10e4530ccb8a251fff6f1fc507f3,253
AAPL,253,253,True,"{'v': 65671690.0, 'vw': 171.3942, 'o': 171.75, 'c': 171.48, 'h': 172.23, 'l': 170.51, 't': 1711598400000, 'n': 648026}",OK,b0ba10e4530ccb8a251fff6f1fc507f3,253
AAPL,253,253,True,"{'v': 46240500.0, 'vw': 170.0696, 'o': 171.19, 'c': 170.03, 'h': 171.25, 'l': 169.475, 't': 1711944000000, 'n': 676830}",OK,b0ba10e4530ccb8a251fff6f1fc507f3,253
AAPL,253,253,True,"{'v': 49297581.0, 'vw': 168.8967, 'o': 169.08, 'c': 168.84, 'h': 169.34, 'l': 168.2302, 't': 1712030400000, 'n': 608914}",OK,b0ba10e4530ccb8a251fff6f1fc507f3,253
AAPL,253,253,True,"{'v': 47691715.0, 'vw': 169.8623, 'o': 168.79, 'c': 169.65, 'h': 170.68, 'l': 168.58, 't': 1712116800000, 'n': 571286}",OK,b0ba10e4530ccb8a251fff6f1fc507f3,253
AAPL,253,253,True,"{'v': 53682486.0, 'vw': 170.1029, 'o': 170.29, 'c': 168.82, 'h': 171.92, 'l': 168.82, 't': 1712203200000, 'n': 630783}",OK,b0ba10e4530ccb8a251fff6f1fc507f3,253
AAPL,253,253,True,"{'v': 42104826.0, 'vw': 169.6415, 'o': 169.59, 'c': 169.58, 'h': 170.39, 'l': 168.95, 't': 1712289600000, 'n': 540854}",OK,b0ba10e4530ccb8a251fff6f1fc507f3,253
AAPL,253,253,True,"{'v': 37425513.0, 'vw': 168.6637, 'o': 169.03, 'c': 168.45, 'h': 169.2, 'l': 168.24, 't': 1712548800000, 'n': 549987}",OK,b0ba10e4530ccb8a251fff6f1fc507f3,253
AAPL,253,253,True,"{'v': 42451209.0, 'vw': 169.1566, 'o': 168.7, 'c': 169.67, 'h': 170.08, 'l': 168.35, 't': 1712635200000, 'n': 541699}",OK,b0ba10e4530ccb8a251fff6f1fc507f3,253
AAPL,253,253,True,"{'v': 49691936.0, 'vw': 167.9914, 'o': 168.8, 'c': 167.78, 'h': 169.09, 'l': 167.11, 't': 1712721600000, 'n': 647587}",OK,b0ba10e4530ccb8a251fff6f1fc507f3,253
AAPL,253,253,True,"{'v': 91053075.0, 'vw': 172.6956, 'o': 168.34, 'c': 175.04, 'h': 175.46, 'l': 168.16, 't': 1712808000000, 'n': 828408}",OK,b0ba10e4530ccb8a251fff6f1fc507f3,253
AAPL,253,253,True,"{'v': 101282386.0, 'vw': 176.3413, 'o': 174.26, 'c': 176.55, 'h': 178.36, 'l': 174.21, 't': 1712894400000, 'n': 960229}",OK,b0ba10e4530ccb8a251fff6f1fc507f3,253
AAPL,253,253,True,"{'v': 70733115.0, 'vw': 174.19, 'o': 175.36, 'c': 172.69, 'h': 176.63, 'l': 172.5, 't': 1713153600000, 'n': 846703}",OK,b0ba10e4530ccb8a251fff6f1fc507f3,253
AAPL,253,253,True,"{'v': 71583932.0, 'vw': 170.0693, 'o': 171.75, 'c': 169.38, 'h': 173.76, 'l': 168.27, 't': 1713240000000, 'n': 834229}",OK,b0ba10e4530ccb8a251fff6f1fc507f3,253
AAPL,253,253,True,"{'v': 48503680.0, 'vw': 169.018, 'o': 169.61, 'c': 168, 'h': 170.65, 'l': 168, 't': 1713326400000, 'n': 598926}",OK,b0ba10e4530ccb8a251fff6f1fc507f3,253
AAPL,253,253,True,"{'v': 40735511.0, 'vw': 167.4157, 'o': 168.03, 'c': 167.04, 'h': 168.64, 'l': 166.55, 't': 1713412800000, 'n': 553162}",OK,b0ba10e4530ccb8a251fff6f1fc507f3,253
AAPL,253,253,True,"{'v': 66084170.0, 'vw': 165.1519, 'o': 166.21, 'c': 165, 'h': 166.4, 'l': 164.075, 't': 1713499200000, 'n': 754706}",OK,b0ba10e4530ccb8a251fff6f1fc507f3,253
AAPL,253,253,True,"{'v': 46488244.0, 'vw': 165.9694, 'o': 165.515, 'c': 165.84, 'h': 167.26, 'l': 164.77, 't': 1713758400000, 'n': 610286}",OK,b0ba10e4530ccb8a251fff6f1fc507f3,253
AAPL,253,253,True,"{'v': 46956672.0, 'vw': 166.5052, 'o': 165.35, 'c': 166.9, 'h': 167.05, 'l': 164.92, 't': 1713844800000, 'n': 554862}",OK,b0ba10e4530ccb8a251fff6f1fc507f3,253
AAPL,253,253,True,"{'v': 47007455.0, 'vw': 168.4251, 'o': 166.54, 'c': 169.02, 'h': 169.3, 'l': 166.21, 't': 1713931200000, 'n': 584920}",OK,b0ba10e4530ccb8a251fff6f1fc507f3,253
AAPL,253,253,True,"{'v': 48858902.0, 'vw': 169.4307, 'o': 169.525, 'c': 169.89, 'h': 170.61, 'l': 168.1511, 't': 1714017600000, 'n': 608795}",OK,b0ba10e4530ccb8a251fff6f1fc507f3,253
AAPL,253,253,True,"{'v': 44014087.0, 'vw': 170.0062, 'o': 169.88, 'c': 169.3, 'h': 171.34, 'l': 169.18, 't': 1714104000000, 'n': 563857}",OK,b0ba10e4530ccb8a251fff6f1fc507f3,253
AAPL,253,253,True,"{'v': 66891905.0, 'vw': 174.3826, 'o': 173.37, 'c': 173.5, 'h': 176.03, 'l': 173.1, 't': 1714363200000, 'n': 808166}",OK,b0ba10e4530ccb8a251fff6f1fc507f3,253
AAPL,253,253,True,"{'v': 64066593.0, 'vw': 172.1915, 'o': 173.33, 'c': 170.33, 'h': 174.99, 'l': 170, 't': 1714449600000, 'n': 647398}",OK,b0ba10e4530ccb8a251fff6f1fc507f3,253
AAPL,253,253,True,"{'v': 48416441.0, 'vw': 170.7483, 'o': 169.58, 'c': 169.3, 'h': 172.705, 'l': 169.11, 't': 1714536000000, 'n': 648581}",OK,b0ba10e4530ccb8a251fff6f1fc507f3,253
AAPL,253,253,True,"{'v': 91402452.0, 'vw': 174.57, 'o': 172.51, 'c': 173.03, 'h': 173.415, 'l': 170.89, 't': 1714622400000, 'n': 944012}",OK,b0ba10e4530ccb8a251fff6f1fc507f3,253
AAPL,253,253,True,"{'v': 160948084.0, 'vw': 184.3811, 'o': 186.645, 'c': 183.38, 'h': 187, 'l': 182.66, 't': 1714708800000, 'n': 1468448}",OK,b0ba10e4530ccb8a251fff6f1fc507f3,253
AAPL,253,253,True,"{'v': 75883763.0, 'vw': 181.8762, 'o': 182.354, 'c': 181.71, 'h': 184.2, 'l': 180.42, 't': 1714968000000, 'n': 898724}",OK,b0ba10e4530ccb8a251fff6f1fc507f3,253
AAPL,253,253,True,"{'v': 74139796.0, 'vw': 182.7881, 'o': 183.45, 'c': 182.4, 'h': 184.9, 'l': 181.32, 't': 1715054400000, 'n': 747423}",OK,b0ba10e4530ccb8a251fff6f1fc507f3,253
AAPL,253,253,True,"{'v': 43762264.0, 'vw': 182.4746, 'o': 182.85, 'c': 182.74, 'h': 183.07, 'l': 181.45, 't': 1715140800000, 'n': 518558}",OK,b0ba10e4530ccb8a251fff6f1fc507f3,253
AAPL,253,253,True,"{'v': 47493785.0, 'vw': 183.9877, 'o': 182.56, 'c': 184.57, 'h': 184.66, 'l': 182.11, 't': 1715227200000, 'n': 550949}",OK,b0ba10e4530ccb8a251fff6f1fc507f3,253
AAPL,253,253,True,"{'v': 48525869.0, 'vw': 183.0992, 'o': 184.9, 'c': 183.05, 'h': 185.09, 'l': 182.13, 't': 1715313600000, 'n': 558732}",OK,b0ba10e4530ccb8a251fff6f1fc507f3,253
AAPL,253,253,True,"{'v': 68586935.0, 'vw': 186.2008, 'o': 185.435, 'c': 186.28, 'h': 187.1, 'l': 184.62, 't': 1715572800000, 'n': 726471}",OK,b0ba10e4530ccb8a251fff6f1fc507f3,253
AAPL,253,253,True,"{'v': 50551025.0, 'vw': 187.1838, 'o': 187.51, 'c': 187.43, 'h': 188.3, 'l': 186.29, 't': 1715659200000, 'n': 559445}",OK,b0ba10e4530ccb8a251fff6f1fc507f3,253
AAPL,253,253,True,"{'v': 67561123.0, 'vw': 189.651, 'o': 187.91, 'c': 189.72, 'h': 190.65, 'l': 187.37, 't': 1715745600000, 'n': 727552}",OK,b0ba10e4530ccb8a251fff6f1fc507f3,253
AAPL,253,253,True,"{'v': 51938566.0, 'vw': 190.1107, 'o': 190.47, 'c': 189.84, 'h': 191.095, 'l': 189.6601, 't': 1715832000000, 'n': 566892}",OK,b0ba10e4530ccb8a251fff6f1fc507f3,253
AAPL,253,253,True,"{'v': 39819440.0, 'vw': 189.925, 'o': 189.51, 'c': 189.87, 'h': 190.81, 'l': 189.18, 't': 1715918400000, 'n': 478115}",OK,b0ba10e4530ccb8a251fff6f1fc507f3,253
AAPL,253,253,True,"{'v': 43637717.0, 'vw': 191.0833, 'o': 189.325, 'c': 191.04, 'h': 191.9199, 'l': 189.01, 't': 1716177600000, 'n': 566877}",OK,b0ba10e4530ccb8a251fff6f1fc507f3,253
AAPL,253,253,True,"{'v': 41192656.0, 'vw': 192.2516, 'o': 191.09, 'c': 192.35, 'h': 192.73, 'l': 190.9201, 't': 1716264000000, 'n': 502712}",OK,b0ba10e4530ccb8a251fff6f1fc507f3,253
AAPL,253,253,True,"{'v': 33510741.0, 'vw': 191.4481, 'o': 192.265, 'c': 190.9, 'h': 192.8231, 'l': 190.27, 't': 1716350400000, 'n': 452301}",OK,b0ba10e4530ccb8a251fff6f1fc507f3,253
AAPL,253,253,True,"{'v': 48553611.0, 'vw': 188.2595, 'o': 190.98, 'c': 186.88, 'h': 191, 'l': 186.625, 't': 1716436800000, 'n': 573924}",OK,b0ba10e4530ccb8a251fff6f1fc507f3,253
AAPL,253,253,True,"{'v': 35429737.0, 'vw': 189.7127, 'o': 188.82, 'c': 189.98, 'h': 190.58, 'l': 188.0404, 't': 1716523200000, 'n': 492815}",OK,b0ba10e4530ccb8a251fff6f1fc507f3,253
AAPL,253,253,True,"{'v': 51021752.0, 'vw': 190.8353, 'o': 191.51, 'c': 189.99, 'h': 193, 'l': 189.1, 't': 1716868800000, 'n': 702124}",OK,b0ba10e4530ccb8a251fff6f1fc507f3,253
AAPL,253,253,True,"{'v': 51934816.0, 'vw': 191.1313, 'o': 189.61, 'c': 190.29, 'h': 192.247, 'l': 189.51, 't': 1716955200000, 'n': 603438}",OK,b0ba10e4530ccb8a251fff6f1fc507f3,253
AAPL,253,253,True,"{'v': 48211467.0, 'vw': 191.4073, 'o': 190.76, 'c': 191.29, 'h': 192.18, 'l': 190.63, 't': 1717041600000, 'n': 568919}",OK,b0ba10e4530ccb8a251fff6f1fc507f3,253
AAPL,253,253,True,"{'v': 71937580.0, 'vw': 191.5904, 'o': 191.44, 'c': 192.25, 'h': 192.57, 'l': 189.91, 't': 1717128000000, 'n': 618138}",OK,b0ba10e4530ccb8a251fff6f1fc507f3,253
AAPL,253,253,True,"{'v': 48702790.0, 'vw': 193.7882, 'o': 192.9, 'c': 194.03, 'h': 194.99, 'l': 192.52, 't': 1717387200000, 'n': 700898}",OK,b0ba10e4530ccb8a251fff6f1fc507f3,253
AAPL,253,253,True,"{'v': 46573003.0, 'vw': 194.3005, 'o': 194.635, 'c': 194.35, 'h': 195.32, 'l': 193.0342, 't': 1717473600000, 'n': 575237}",OK,b0ba10e4530ccb8a251fff6f1fc507f3,253
AAPL,253,253,True,"{'v': 53100041.0, 'vw': 195.8699, 'o': 195.4, 'c': 195.87, 'h': 196.9, 'l': 194.87, 't': 1717560000000, 'n': 648218}",OK,b0ba10e4530ccb8a251fff6f1fc507f3,253
AAPL,253,253,True,"{'v': 39591471.0, 'vw': 195.3477, 'o': 195.685, 'c': 194.48, 'h': 196.5, 'l': 194.17, 't': 1717646400000, 'n': 550051}",OK,b0ba10e4530ccb8a251fff6f1fc507f3,253
AAPL,253,253,True,"{'v': 52508446.0, 'vw': 195.8927, 'o': 194.65, 'c': 196.89, 'h': 196.94, 'l': 194.14, 't': 1717732800000, 'n': 505896}",OK,b0ba10e4530ccb8a251fff6f1fc507f3,253
AAPL,253,253,True,"{'v': 95034362.0, 'vw': 194.4454, 'o': 196.9, 'c': 193.12, 'h': 197.3, 'l': 192.15, 't': 1717992000000, 'n': 1115208}",OK,b0ba10e4530ccb8a251fff6f1fc507f3,253
AAPL,253,253,True,"{'v': 169677009.0, 'vw': 203.1517, 'o': 193.65, 'c': 207.15, 'h': 207.16, 'l': 193.63, 't': 1718078400000, 'n': 1601717}",OK,b0ba10e4530ccb8a251fff6f1fc507f3,253
AAPL,253,253,True,"{'v': 197067068.0, 'vw': 215.2738, 'o': 207.37, 'c': 213.07, 'h': 220.2, 'l': 206.9, 't': 1718164800000, 'n': 1860933}",OK,b0ba10e4530ccb8a251fff6f1fc507f3,253
AAPL,253,253,True,"{'v': 96562134.0, 'vw': 214.013, 'o': 214.74, 'c': 214.24, 'h': 216.75, 'l': 211.6, 't': 1718251200000, 'n': 1032908}",OK,b0ba10e4530ccb8a251fff6f1fc507f3,253
AAPL,253,253,True,"{'v': 69150814.0, 'vw': 212.7632, 'o': 213.85, 'c': 212.49, 'h': 215.17, 'l': 211.3, 't': 1718337600000, 'n': 793665}",OK,b0ba10e4530ccb8a251fff6f1fc507f3,253
AAPL,253,253,True,"{'v': 92964543.0, 'vw': 216.4079, 'o': 213.37, 'c': 216.67, 'h': 218.95, 'l': 212.72, 't': 1718596800000, 'n': 1034894}",OK,b0ba10e4530ccb8a251fff6f1fc507f3,253
AAPL,253,253,True,"{'v': 78534656.0, 'vw': 214.7421, 'o': 217.59, 'c': 214.29, 'h': 218.63, 'l': 213, 't': 1718683200000, 'n': 919913}",OK,b0ba10e4530ccb8a251fff6f1fc507f3,253
AAPL,253,253,True,"{'v': 83863022.0, 'vw': 210.647, 'o': 213.93, 'c': 209.68, 'h': 214.24, 'l': 208.85, 't': 1718856000000, 'n': 1005250}",OK,b0ba10e4530ccb8a251fff6f1fc507f3,253
AAPL,253,253,True,"{'v': 204018186.0, 'vw': 208.6028, 'o': 210.39, 'c': 207.49, 'h': 211.89, 'l': 207.11, 't': 1718942400000, 'n': 881776}",OK,b0ba10e4530ccb8a251fff6f1fc507f3,253
AAPL,253,253,True,"{'v': 76303387.0, 'vw': 209.3985, 'o': 207.72, 'c': 208.14, 'h': 212.7, 'l': 206.59, 't': 1719201600000, 'n': 916066}",OK,b0ba10e4530ccb8a251fff6f1fc507f3,253
AAPL,253,253,True,"{'v': 54266550.0, 'vw': 209.7069, 'o': 209.15, 'c': 209.07, 'h': 211.38, 'l': 208.61, 't': 1719288000000, 'n': 621125}",OK,b0ba10e4530ccb8a251fff6f1fc507f3,253
AAPL,253,253,True,"{'v': 64531178.0, 'vw': 213.1428, 'o': 211.5, 'c': 213.25, 'h': 214.86, 'l': 210.64, 't': 1719374400000, 'n': 769036}",OK,b0ba10e4530ccb8a251fff6f1fc507f3,253
AAPL,253,253,True,"{'v': 48631748.0, 'vw': 213.9094, 'o': 214.69, 'c': 214.1, 'h': 215.7395, 'l': 212.35, 't': 1719460800000, 'n': 644311}",OK,b0ba10e4530ccb8a251fff6f1fc507f3,253
AAPL,253,253,True,"{'v': 80927625.0, 'vw': 212.5954, 'o': 215.77, 'c': 210.62, 'h': 216.07, 'l': 210.3, 't': 1719547200000, 'n': 729816}",OK,b0ba10e4530ccb8a251fff6f1fc507f3,253
AAPL,253,253,True,"{'v': 59475152.0, 'vw': 215.4872, 'o': 212.09, 'c': 216.75, 'h': 217.51, 'l': 211.92, 't': 1719806400000, 'n': 784772}",OK,b0ba10e4530ccb8a251fff6f1fc507f3,253
AAPL,253,253,True,"{'v': 57112299.0, 'vw': 219.183, 'o': 216.15, 'c': 220.27, 'h': 220.38, 'l': 215.1, 't': 1719892800000, 'n': 689939}",OK,b0ba10e4530ccb8a251fff6f1fc507f3,253
AAPL,253,253,True,"{'v': 36707517.0, 'vw': 220.6457, 'o': 220, 'c': 221.55, 'h': 221.55, 'l': 219.03, 't': 1719979200000, 'n': 566735}",OK,b0ba10e4530ccb8a251fff6f1fc507f3,253
AAPL,253,253,True,"{'v': 58287571.0, 'vw': 224.943, 'o': 221.65, 'c': 226.34, 'h': 226.45, 'l': 221.65, 't': 1720152000000, 'n': 767327}",OK,b0ba10e4530ccb8a251fff6f1fc507f3,253
AAPL,253,253,True,"{'v': 57456163.0, 'vw': 226.3221, 'o': 227.09, 'c': 227.82, 'h': 227.85, 'l': 223.25, 't': 1720411200000, 'n': 790011}",OK,b0ba10e4530ccb8a251fff6f1fc507f3,253
AAPL,253,253,True,"{'v': 47531745.0, 'vw': 228.2117, 'o': 227.93, 'c': 228.68, 'h': 229.4, 'l': 226.3721, 't': 1720497600000, 'n': 651012}",OK,b0ba10e4530ccb8a251fff6f1fc507f3,253
AAPL,253,253,True,"{'v': 61539280.0, 'vw': 231.6381, 'o': 229.3, 'c': 232.98, 'h': 233.08, 'l': 229.25, 't': 1720584000000, 'n': 782437}",OK,b0ba10e4530ccb8a251fff6f1fc507f3,253
AAPL,253,253,True,"{'v': 63197762.0, 'vw': 228.4762, 'o': 231.39, 'c': 227.57, 'h': 232.39, 'l': 225.77, 't': 1720670400000, 'n': 889216}",OK,b0ba10e4530ccb8a251fff6f1fc507f3,253
AAPL,253,253,True,"{'v': 51621443.0, 'vw': 230.9692, 'o': 228.92, 'c': 230.54, 'h': 232.64, 'l': 228.68, 't': 1720756800000, 'n': 706216}",OK,b0ba10e4530ccb8a251fff6f1fc507f3,253
AAPL,253,253,True,"{'v': 60513737.0, 'vw': 234.9202, 'o': 236.48, 'c': 234.4, 'h': 237.23, 'l': 233.09, 't': 1721016000000, 'n': 822606}",OK,b0ba10e4530ccb8a251fff6f1fc507f3,253
AAPL,253,253,True,"{'v': 38468546.0, 'vw': 234.2992, 'o': 235, 'c': 234.82, 'h': 236.27, 'l': 232.33, 't': 1721102400000, 'n': 623906}",OK,b0ba10e4530ccb8a251fff6f1fc507f3,253
AAPL,253,253,True,"{'v': 55878906.0, 'vw': 228.8396, 'o': 229.45, 'c': 228.88, 'h': 231.4599, 'l': 226.64, 't': 1721188800000, 'n': 811024}",OK,b0ba10e4530ccb8a251fff6f1fc507f3,253
AAPL,253,253,True,"{'v': 64346030.0, 'vw': 225.181, 'o': 230.28, 'c': 224.18, 'h': 230.44, 'l': 222.27, 't': 1721275200000, 'n': 844538}",OK,b0ba10e4530ccb8a251fff6f1fc507f3,253
AAPL,253,253,True,"{'v': 48020038.0, 'vw': 224.7356, 'o': 224.82, 'c': 224.31, 'h': 226.8, 'l': 223.275, 't': 1721361600000, 'n': 612739}",OK,b0ba10e4530ccb8a251fff6f1fc507f3,253
AAPL,253,253,True,"{'v': 44958139.0, 'vw': 225.0185, 'o': 227.01, 'c': 223.96, 'h': 227.78, 'l': 223.09, 't': 1721620800000, 'n': 704830}",OK,b0ba10e4530ccb8a251fff6f1fc507f3,253
AAPL,253,253,True,"{'v': 37919040.0, 'vw': 225.0222, 'o': 224.365, 'c': 225.01, 'h': 226.94, 'l': 222.68, 't': 1721707200000, 'n': 551646}",OK,b0ba10e4530ccb8a251fff6f1fc507f3,253
AAPL,253,253,True,"{'v': 59687424.0, 'vw': 219.0874, 'o': 224, 'c': 218.54, 'h': 224.8, 'l': 217.13, 't': 1721793600000, 'n': 816074}",OK,b0ba10e4530ccb8a251fff6f1fc507f3,253
AAPL,253,253,True,"{'v': 50451768.0, 'vw': 218.12, 'o': 218.93, 'c': 217.49, 'h': 220.85, 'l': 214.62, 't': 1721880000000, 'n': 737563}",OK,b0ba10e4530ccb8a251fff6f1fc507f3,253
AAPL,253,253,True,"{'v': 39827645.0, 'vw': 217.8992, 'o': 218.7, 'c': 217.96, 'h': 219.49, 'l': 216.01, 't': 1721966400000, 'n': 608504}",OK,b0ba10e4530ccb8a251fff6f1fc507f3,253
AAPL,253,253,True,"{'v': 35153729.0, 'vw': 218.1319, 'o': 216.96, 'c': 218.24, 'h': 219.3, 'l': 215.75, 't': 1722225600000, 'n': 604680}",OK,b0ba10e4530ccb8a251fff6f1fc507f3,253
AAPL,253,253,True,"{'v': 40681625.0, 'vw': 218.4059, 'o': 219.19, 'c': 218.8, 'h': 220.325, 'l': 216.12, 't': 1722312000000, 'n': 584305}",OK,b0ba10e4530ccb8a251fff6f1fc507f3,253
AAPL,253,253,True,"{'v': 48422974.0, 'vw': 222.3441, 'o': 221.44, 'c': 222.08, 'h': 223.82, 'l': 220.63, 't': 1722398400000, 'n': 668833}",OK,b0ba10e4530ccb8a251fff6f1fc507f3,253
AAPL,253,253,True,"{'v': 61125243.0, 'vw': 219.4773, 'o': 224.37, 'c': 218.36, 'h': 224.48, 'l': 217.02, 't': 1722484800000, 'n': 876046}",OK,b0ba10e4530ccb8a251fff6f1fc507f3,253
AAPL,253,253,True,"{'v': 102635321.0, 'vw': 221.9519, 'o': 219.15, 'c': 219.86, 'h': 225.6, 'l': 217.71, 't': 1722571200000, 'n': 1132479}",OK,b0ba10e4530ccb8a251fff6f1fc507f3,253
AAPL,253,253,True,"{'v': 119382508.0, 'vw': 207.801, 'o': 199.09, 'c': 209.27, 'h': 213.5, 'l': 196, 't': 1722830400000, 'n': 1661493}",OK,b0ba10e4530ccb8a251fff6f1fc507f3,253
AAPL,253,253,True,"{'v': 69545387.0, 'vw': 206.739, 'o': 205.3, 'c': 207.23, 'h': 209.99, 'l': 201.07, 't': 1722916800000, 'n': 921946}",OK,b0ba10e4530ccb8a251fff6f1fc507f3,253
AAPL,253,253,True,"{'v': 60109650.0, 'vw': 210.7375, 'o': 206.9, 'c': 209.82, 'h': 213.64, 'l': 206.39, 't': 1723003200000, 'n': 741607}",OK,b0ba10e4530ccb8a251fff6f1fc507f3,253
AAPL,253,253,True,"{'v': 45466136.0, 'vw': 212.5961, 'o': 213.11, 'c': 213.31, 'h': 214.2, 'l': 208.83, 't': 1723089600000, 'n': 628674}",OK,b0ba10e4530ccb8a251fff6f1fc507f3,253
AAPL,253,253,True,"{'v': 40764531.0, 'vw': 215.1632, 'o': 212.1, 'c': 216.24, 'h': 216.78, 'l': 211.97, 't': 1723176000000, 'n': 589409}",OK,b0ba10e4530ccb8a251fff6f1fc507f3,253
AAPL,253,253,True,"{'v': 36533169.0, 'vw': 217.5472, 'o': 216.07, 'c': 217.53, 'h': 219.5099, 'l': 215.6, 't': 1723435200000, 'n': 602475}",OK,b0ba10e4530ccb8a251fff6f1fc507f3,253
AAPL,253,253,True,"{'v': 42281135.0, 'vw': 220.8583, 'o': 219.01, 'c': 221.27, 'h': 221.89, 'l': 219.01, 't': 1723521600000, 'n': 553206}",OK,b0ba10e4530ccb8a251fff6f1fc507f3,253
AAPL,253,253,True,"{'v': 40535664.0, 'vw': 221.5032, 'o': 220.57, 'c': 221.72, 'h': 223.03, 'l': 219.7, 't': 1723608000000, 'n': 568467}",OK,b0ba10e4530ccb8a251fff6f1fc507f3,253
AAPL,253,253,True,"{'v': 44961298.0, 'vw': 224.545, 'o': 224.6, 'c': 224.72, 'h': 225.35, 'l': 222.76, 't': 1723694400000, 'n': 590509}",OK,b0ba10e4530ccb8a251fff6f1fc507f3,253
